{
    "sample": 2,
    "pdf": 2,
    "this": 1,
    "is": 1,
    "a": 9,
    "simple": 1,
    "\ufb01le": 1,
    "fun": 3,
    "lorem": 4,
    "ipsum": 6,
    "dolor": 2,
    "sit": 6,
    "amet": 6,
    "consectetuer": 3,
    "adipiscing": 1,
    "elit": 4,
    "phasellus": 5,
    "facilisis": 4,
    "odio": 4,
    "sed": 9,
    "mi": 2,
    "curabitur": 3,
    "suscipit": 2,
    "nullam": 4,
    "vel": 4,
    "nisi": 3,
    "etiam": 2,
    "semper": 3,
    "ut": 9,
    "lectus": 3,
    "proin": 4,
    "aliquam": 5,
    "erat": 7,
    "eget": 7,
    "pharetra": 1,
    "commodo": 6,
    "eros": 3,
    "condimentum": 3,
    "quam": 7,
    "justo": 5,
    "velit": 4,
    "integer": 1,
    "cras": 3,
    "laoreet": 1,
    "ligula": 3,
    "cursus": 4,
    "enim": 4,
    "aenean": 3,
    "scelerisque": 4,
    "et": 3,
    "tellus": 4,
    "vestibulum": 4,
    "dictum": 1,
    "aliquet": 5,
    "sem": 2,
    "nulla": 7,
    "facilisi": 2,
    "accumsan": 2,
    "ante": 6,
    "vitae": 4,
    "blandit": 1,
    "in": 4,
    "rutrum": 1,
    "quis": 6,
    "pulvinar": 4,
    "varius": 5,
    "congue": 2,
    "risus": 3,
    "vivamus": 3,
    "sollicitudin": 2,
    "metus": 3,
    "interdum": 2,
    "eleifend": 3,
    "pellentesque": 5,
    "tristique": 3,
    "suspendisse": 4,
    "libero": 1,
    "mattis": 1,
    "hendrerit": 1,
    "augue": 2,
    "volutpat": 3,
    "feugiat": 3,
    "vulputate": 3,
    "nisl": 3,
    "pretium": 2,
    "mollis": 3,
    "sagittis": 3,
    "at": 6,
    "egestas": 1,
    "praesent": 1,
    "nunc": 3,
    "iaculis": 3,
    "lobortis": 1,
    "tortor": 3,
    "dui": 4,
    "venenatis": 3,
    "est": 4,
    "ullamcorper": 1,
    "duis": 3,
    "tincidunt": 3,
    "urna": 2,
    "id": 2,
    "luctus": 2,
    "nibh": 3,
    "sapien": 3,
    "massa": 4,
    "orci": 1,
    "convallis": 3,
    "consequat": 2,
    "dapibus": 1,
    "turpis": 2,
    "nec": 4,
    "rhoncus": 2,
    "ac": 3,
    "arcu": 2,
    "eu": 4,
    "gravida": 1,
    "molestie": 3,
    "mauris": 4,
    "non": 2,
    "pede": 4,
    "donec": 2,
    "lacinia": 2,
    "neque": 1,
    "imperdiet": 1,
    "fusce": 3,
    "porttitor": 1,
    "maecenas": 1,
    "morbi": 1,
    "magna": 1,
    "dignissim": 1,
    "cum": 1,
    "sociis": 1,
    "natoque": 1,
    "penatibus": 1,
    "magnis": 1,
    "dis": 1,
    "parturient": 1,
    "montes": 1,
    "nascetur": 1,
    "ridiculus": 1,
    "mus": 1,
    "diam": 1,
    "ornare": 1,
    "philip": 1,
    "hutchison": 1,
    "pages": 1
}