{
    "label": 3,
    "column": 3,
    "1": 7,
    "categories": 3,
    "row": 12,
    "2": 7,
    "3": 5,
    "4": 4,
    "general": 3,
    "9.1": 1,
    "2.4": 1,
    "3.1": 1,
    "4.3": 1,
    "3.2": 1,
    "8.8": 1,
    "1.5": 1,
    "9.02": 1,
    "4.54": 1,
    "9.65": 1,
    "3.7": 1,
    "6.2": 1,
    "lorem": 21,
    "ipsum": 19,
    "dolor": 7,
    "sit": 23,
    "amet": 23,
    "consectetur": 2,
    "adipiscing": 2,
    "elit": 4,
    "nunc": 16,
    "ac": 20,
    "faucibus": 2,
    "odio": 4,
    "vestibulum": 12,
    "neque": 17,
    "massa": 2,
    "scelerisque": 8,
    "ligula": 10,
    "eu": 5,
    "congue": 8,
    "molestie": 5,
    "mi": 14,
    "praesent": 2,
    "ut": 37,
    "varius": 8,
    "sem": 2,
    "nullam": 7,
    "at": 8,
    "porttitor": 5,
    "arcu": 7,
    "nec": 10,
    "lacinia": 7,
    "nisi": 2,
    "vitae": 23,
    "interdum": 2,
    "condimentum": 9,
    "vivamus": 5,
    "dapibus": 2,
    "sodales": 2,
    "ex": 5,
    "malesuada": 2,
    "cursus": 8,
    "convallis": 4,
    "maecenas": 14,
    "sed": 11,
    "egestas": 8,
    "nulla": 12,
    "orci": 8,
    "mauris": 16,
    "diam": 2,
    "felis": 4,
    "vulputate": 11,
    "suscipit": 2,
    "et": 17,
    "iaculis": 10,
    "non": 11,
    "est": 17,
    "curabitur": 2,
    "semper": 10,
    "luctus": 6,
    "nisl": 11,
    "blandit": 8,
    "integer": 2,
    "ante": 14,
    "libero": 9,
    "lobortis": 11,
    "imperdiet": 11,
    "mollis": 5,
    "accumsan": 2,
    "vehicula": 9,
    "eget": 11,
    "justo": 20,
    "in": 24,
    "tristique": 8,
    "fringilla": 24,
    "morbi": 10,
    "tortor": 5,
    "quis": 20,
    "risus": 2,
    "auctor": 8,
    "ullamcorper": 5,
    "tellus": 8,
    "tempus": 2,
    "lectus": 9,
    "purus": 6,
    "mattis": 9,
    "dictum": 3,
    "placerat": 6,
    "facilisi": 3,
    "aenean": 3,
    "aliquam": 19,
    "id": 21,
    "erat": 16,
    "facilisis": 6,
    "sagittis": 6,
    "viverra": 9,
    "tincidunt": 6,
    "efficitur": 15,
    "euismod": 7,
    "ornare": 6,
    "duis": 6,
    "vel": 18,
    "pretium": 6,
    "a": 10,
    "cras": 13,
    "eros": 9,
    "dui": 10,
    "pulvinar": 18,
    "posuere": 9,
    "donec": 3,
    "pellentesque": 18,
    "fermentum": 13,
    "enim": 3,
    "ultricies": 6,
    "lacus": 3,
    "eleifend": 7,
    "velit": 14,
    "sollicitudin": 4,
    "fusce": 4,
    "commodo": 10,
    "volutpat": 7,
    "venenatis": 6,
    "etiam": 7,
    "maximus": 3,
    "magna": 7,
    "5": 1,
    "metus": 3,
    "aliquet": 3,
    "quam": 3,
    "dignissim": 6,
    "laoreet": 6,
    "class": 3,
    "aptent": 3,
    "taciti": 3,
    "sociosqu": 3,
    "ad": 3,
    "litora": 3,
    "torquent": 3,
    "per": 6,
    "conubia": 3,
    "nostra": 3,
    "inceptos": 3,
    "himenaeos": 3,
    "sapien": 6,
    "urna": 3,
    "leo": 3,
    "suspendisse": 3,
    "turpis": 3,
    "center": 1,
    "top": 1,
    "1367256704": 1,
    "20170802t110918z": 1,
    "enus": 1
}